<?xml version="1.0" encoding="UTF-8"?>
<?xml-stylesheet type="text/xsl" href="sv_2.xsl"?>
<school>
    <student>
        <id>SV01</id>
        <name>Nguyễn Thị Thanh Thúy</name>
        <date>1997-12-20</date>
        <grade>6</grade>
    </student>
    <student>
        <id>SV02</id>
        <name>Lê Thị Hồng Cầm</name>
        <date>1998-01-21</date>
        <grade>10</grade>
    </student>
    <student>
        <id>SV03</id>
        <name>Lê Bảo Long</name>
        <date>1997-11-11</date>
        <grade>7</grade>
    </student>
    <student>
        <id>SV04</id>
        <name>Đỗ Lâm Thư</name>
        <date>1997-01-10</date>
        <grade>8</grade>
    </student>
    <student>
        <id>SV05</id>
        <name>Trần Bảo Nam Anh</name>
        <date>1997-12-01</date>
        <grade>7</grade>
    </student>
    <student>
        <id>SV06</id>
        <name>Lê Cẩm Loan</name>
        <date>1998-11-05</date>
        <grade>7</grade>
    </student>

    <course>
        <id>c1</id>
        <name>Toán 101</name>
    </course>
    <course>
        <id>c2</id>
        <name>Anh văn 401</name>
    </course>
    <course>
        <id>c3</id>
        <name>Hóa học 201</name>
    </course>

    <enrollment>
        <studentRef>SV01</studentRef>
        <courseRef>c1</courseRef>
    </enrollment>
    <enrollment>
        <studentRef>SV02</studentRef>
        <courseRef>c1</courseRef>
    </enrollment>
    <enrollment>
        <studentRef>SV03</studentRef>
        <courseRef>c2</courseRef>
    </enrollment>
    <enrollment>
        <studentRef>SV03</studentRef>
        <courseRef>c3</courseRef>
    </enrollment>
    <enrollment>
        <studentRef>SV06</studentRef>
        <courseRef>c3</courseRef>
    </enrollment>
</school>
